{"sum": 8251642.0, "avr": 270.98988505747127, "sumMD": 0.0, "avrMD": 0.0, "sumSD": 78683.0, "avrSD": 374.68095238095236, "max": 494.0, "min": 44.0}